link,https://www.instagram.com/land_cruiser_nation
link,https://www.instagram.com/land_cruiser_nation
link,https://www.instagram.com/mm_runa
link,https://www.instagram.com/land_cruiser_nation
link,https://www.instagram.com/ivankatrump
link,https://www.instagram.com/land_cruiser_nation
link,https://www.instagram.com/nana_mori_official
link,https://www.instagram.com/land_cruiser_nation
link,https://www.instagram.com/sooyaaa__
link,https://www.instagram.com/land_cruiser_nation
link,https://www.instagram.com/minami_hamabe.official
link,https://www.instagram.com/land_cruiser_nation
link,https://www.instagram.com/imada_mio
link,https://www.instagram.com/land_cruiser_nation
link,https://www.instagram.com/land_cruiser_nation
link,https://www.instagram.com/ivvankatrump
link,https://www.instagram.com/03_hu
link,https://www.instagram.com/mori.chan.7
