link,https://github.com/cjcaf1995/stash/issues/250
link,https://github.com/cjcaf1995/stash/issues/181
link,https://github.com/cjcaf1995/stash/issues/203
link,https://github.com/cjcaf1995/stash/issues/292
link,https://github.com/cjcaf1995/stash/issues/148
link,https://github.com/cjcaf1995/stash/issues/392
link,https://github.com/cjcaf1995/stash/issues/353
link,https://github.com/cjcaf1995/stash/issues/405
link,https://github.com/cjcaf1995/stash/issues/197
link,https://github.com/cjcaf1995/stash/issues/399
link,https://github.com/cjcaf1995/stash/issues/194
link,https://github.com/cjcaf1995/stash/issues/334
link,https://github.com/cjcaf1995/stash/issues/125
link,https://github.com/cjcaf1995/stash/issues/138
link,https://github.com/cjcaf1995/stash/issues/296
link,https://github.com/cjcaf1995/stash/issues/232
link,https://github.com/cjcaf1995/stash/issues/270
link,https://github.com/cjcaf1995/stash/issues/161
link,https://github.com/cjcaf1995/stash/issues/165
link,https://github.com/cjcaf1995/stash/issues/271
link,https://github.com/cjcaf1995/stash/issues/153
link,https://github.com/cjcaf1995/stash/issues/247
link,https://github.com/cjcaf1995/stash/issues/252
link,https://github.com/cjcaf1995/stash/issues/354
link,https://github.com/cjcaf1995/stash/issues/167
link,https://github.com/cjcaf1995/stash/issues/313
link,https://github.com/cjcaf1995/stash/issues/343
link,https://github.com/cjcaf1995/stash/issues/304
link,https://github.com/cjcaf1995/stash/issues/187
link,https://github.com/cjcaf1995/stash/issues/312
link,https://github.com/cjcaf1995/stash/issues/146
link,https://github.com/cjcaf1995/stash/issues/196
link,https://github.com/cjcaf1995/stash/issues/224
link,https://github.com/cjcaf1995/stash/issues/370
link,https://github.com/cjcaf1995/stash/issues/272
link,https://github.com/cjcaf1995/stash/issues/290
link,https://github.com/cjcaf1995/stash/issues/298
link,https://github.com/cjcaf1995/stash/issues/150
link,https://github.com/cjcaf1995/stash/issues/283
link,https://github.com/cjcaf1995/stash/issues/307
link,https://github.com/cjcaf1995/stash/issues/149
link,https://github.com/cjcaf1995/stash/issues/205
link,https://github.com/cjcaf1995/stash/issues/168
link,https://github.com/cjcaf1995/stash/issues/337
link,https://github.com/cjcaf1995/stash/issues/386
link,https://github.com/cjcaf1995/stash/issues/341
link,https://github.com/cjcaf1995/stash/issues/129
link,https://github.com/cjcaf1995/stash/issues/355
link,https://github.com/cjcaf1995/stash/issues/373
link,https://github.com/cjcaf1995/stash/issues/348
link,https://github.com/cjcaf1995/stash/issues/245
link,https://github.com/cjcaf1995/stash/issues/134
link,https://github.com/cjcaf1995/stash/issues/164
link,https://github.com/cjcaf1995/stash/issues/184
link,https://github.com/cjcaf1995/stash/issues/186
link,https://github.com/cjcaf1995/stash/issues/306
link,https://github.com/cjcaf1995/stash/issues/130
link,https://github.com/cjcaf1995/stash/issues/280
link,https://github.com/cjcaf1995/stash/issues/174
link,https://github.com/cjcaf1995/stash/issues/221
link,https://github.com/cjcaf1995/stash/issues/332
link,https://github.com/cjcaf1995/stash/issues/234
link,https://github.com/cjcaf1995/stash/issues/227
link,https://github.com/cjcaf1995/stash/issues/178
link,https://github.com/cjcaf1995/stash/issues/285
link,https://github.com/cjcaf1995/stash/issues/400
link,https://github.com/cjcaf1995/stash/issues/406
link,https://github.com/cjcaf1995/stash/issues/314
link,https://github.com/cjcaf1995/stash/issues/220
link,https://github.com/cjcaf1995/stash/issues/379
link,https://github.com/cjcaf1995/stash/issues/300
link,https://github.com/cjcaf1995/stash/issues/281
link,https://github.com/cjcaf1995/stash/issues/242
link,https://github.com/cjcaf1995/stash/issues/170
link,https://github.com/cjcaf1995/stash/issues/228
link,https://github.com/cjcaf1995/stash/issues/303
link,https://github.com/cjcaf1995/stash/issues/1072
link,https://github.com/cjcaf1995/stash/issues/151
link,https://github.com/cjcaf1995/stash/issues/188
link,https://github.com/cjcaf1995/stash/issues/393
link,https://github.com/cjcaf1995/stash/issues/487
link,https://github.com/cjcaf1995/stash/issues/251
link,https://github.com/cjcaf1995/stash/issues/416
link,https://github.com/cjcaf1995/stash/issues/333
link,https://github.com/cjcaf1995/stash/issues/308
link,https://github.com/cjcaf1995/stash/issues/318
link,https://github.com/cjcaf1995/stash/issues/275
link,https://github.com/cjcaf1995/stash/issues/155
link,https://github.com/cjcaf1995/stash/issues/345
link,https://github.com/cjcaf1995/stash/issues/229
link,https://github.com/cjcaf1995/stash/issues/329
link,https://github.com/cjcaf1995/stash/issues/362
link,https://github.com/cjcaf1995/stash/issues/248
link,https://github.com/cjcaf1995/stash/issues/398
link,https://github.com/cjcaf1995/stash/issues/394
link,https://github.com/cjcaf1995/stash/issues/255
link,https://github.com/cjcaf1995/stash/issues/309
link,https://github.com/cjcaf1995/stash/issues/408
link,https://github.com/cjcaf1995/stash/issues/330
link,https://github.com/cjcaf1995/stash/issues/190
link,https://github.com/cjcaf1995/stash/issues/162
link,https://github.com/cjcaf1995/stash/issues/195
link,https://github.com/cjcaf1995/stash/issues/163
link,https://github.com/cjcaf1995/stash/issues/193
link,https://github.com/cjcaf1995/stash/issues/349
link,https://github.com/cjcaf1995/stash/issues/352
link,https://github.com/cjcaf1995/stash/issues/321
link,https://github.com/cjcaf1995/stash/issues/172
link,https://github.com/cjcaf1995/stash/issues/376
link,https://github.com/cjcaf1995/stash/issues/207
link,https://github.com/cjcaf1995/stash/issues/278
link,https://github.com/cjcaf1995/stash/issues/293
link,https://github.com/cjcaf1995/stash/issues/339
link,https://github.com/cjcaf1995/stash/issues/233
link,https://github.com/cjcaf1995/stash/issues/236
link,https://github.com/cjcaf1995/stash/issues/390
link,https://github.com/cjcaf1995/stash/issues/360
link,https://github.com/cjcaf1995/stash/issues/391
link,https://github.com/cjcaf1995/stash/issues/382
link,https://github.com/cjcaf1995/stash/issues/210
link,https://github.com/cjcaf1995/stash/issues/135
link,https://github.com/cjcaf1995/stash/issues/198
link,https://github.com/cjcaf1995/stash/issues/397
link,https://github.com/cjcaf1995/stash/issues/240
link,https://github.com/cjcaf1995/stash/issues/173
link,https://github.com/cjcaf1995/stash/issues/2
link,https://github.com/cjcaf1995/stash/issues/217
link,https://github.com/cjcaf1995/stash/issues/156
link,https://github.com/cjcaf1995/stash/issues/189
link,https://github.com/cjcaf1995/stash/issues/158
link,https://github.com/cjcaf1995/stash/issues/282
link,https://github.com/cjcaf1995/stash/issues/166
link,https://github.com/cjcaf1995/stash/issues/374
link,https://github.com/cjcaf1995/stash/issues/204
link,https://github.com/cjcaf1995/stash/issues/413
link,https://github.com/cjcaf1995/stash/issues/154
link,https://github.com/cjcaf1995/stash/issues/219
link,https://github.com/cjcaf1995/stash/issues/273
link,https://github.com/cjcaf1995/stash/issues/263
link,https://github.com/cjcaf1995/stash/issues/218
link,https://github.com/cjcaf1995/stash/issues/183
link,https://github.com/cjcaf1995/stash/issues/213
link,https://github.com/cjcaf1995/stash/issues/359
link,https://github.com/cjcaf1995/stash/issues/295
link,https://github.com/cjcaf1995/stash/issues/326
link,https://github.com/cjcaf1995/stash/issues/372
link,https://github.com/cjcaf1995/stash/issues/340
link,https://github.com/cjcaf1995/stash/issues/322
link,https://github.com/cjcaf1995/stash/issues/420
link,https://github.com/cjcaf1995/stash/issues/268
link,https://github.com/cjcaf1995/stash/issues/124
link,https://github.com/cjcaf1995/stash/issues/137
link,https://github.com/cjcaf1995/stash/issues/371
link,https://github.com/cjcaf1995/stash/issues/179
link,https://github.com/cjcaf1995/stash/issues/388
link,https://github.com/cjcaf1995/stash/issues/363
link,https://github.com/cjcaf1995/stash/issues/357
link,https://github.com/cjcaf1995/stash/issues/377
link,https://github.com/cjcaf1995/stash/issues/287
link,https://github.com/cjcaf1995/stash/issues/226
link,https://github.com/cjcaf1995/stash/issues/417
link,https://github.com/cjcaf1995/stash/issues/145
link,https://github.com/cjcaf1995/stash/issues/403
link,https://github.com/cjcaf1995/stash/issues/336
link,https://github.com/cjcaf1995/stash/issues/257
link,https://github.com/cjcaf1995/stash/issues/291
link,https://github.com/cjcaf1995/stash/issues/366
link,https://github.com/cjcaf1995/stash/issues/127
link,https://github.com/cjcaf1995/stash/issues/315
link,https://github.com/cjcaf1995/stash/issues/269
link,https://github.com/cjcaf1995/stash/issues/415
link,https://github.com/cjcaf1995/stash/issues/169
link,https://github.com/cjcaf1995/stash/issues/344
link,https://github.com/cjcaf1995/stash/issues/171
link,https://github.com/cjcaf1995/stash/issues/159
link,https://github.com/cjcaf1995/stash/issues/367
link,https://github.com/cjcaf1995/stash/issues/385
link,https://github.com/cjcaf1995/stash/issues/401
link,https://github.com/cjcaf1995/stash/issues/200
link,https://github.com/cjcaf1995/stash/issues/368
link,https://github.com/cjcaf1995/stash/issues/225
link,https://github.com/cjcaf1995/stash/issues/342
link,https://github.com/cjcaf1995/stash/issues/243
link,https://github.com/cjcaf1995/stash/issues/260
link,https://github.com/cjcaf1995/stash/issues/338
link,https://github.com/cjcaf1995/stash/issues/327
link,https://github.com/cjcaf1995/stash/issues/244
link,https://github.com/cjcaf1995/stash/issues/1
link,https://github.com/cjcaf1995/stash/issues/267
link,https://github.com/cjcaf1995/stash/issues/422
link,https://github.com/cjcaf1995/stash/issues/409
link,https://github.com/cjcaf1995/stash/issues/288
link,https://github.com/cjcaf1995/stash/issues/177
link,https://github.com/cjcaf1995/stash/issues/396
link,https://github.com/cjcaf1995/stash/issues/258
link,https://github.com/cjcaf1995/stash/issues/222
link,https://github.com/cjcaf1995/stash/issues/223
link,https://github.com/cjcaf1995/stash/issues/131
link,https://github.com/cjcaf1995/stash/issues/294
link,https://github.com/cjcaf1995/stash/issues/142
link,https://github.com/cjcaf1995/stash/issues/175
link,https://github.com/cjcaf1995/stash/issues/133
link,https://github.com/cjcaf1995/stash/issues/208
link,https://github.com/cjcaf1995/stash/issues/264
link,https://github.com/cjcaf1995/stash/issues/144
link,https://github.com/cjcaf1995/stash/issues/328
link,https://github.com/cjcaf1995/stash/issues/132
link,https://github.com/cjcaf1995/stash/issues/249
link,https://github.com/cjcaf1995/stash/issues/160
link,https://github.com/cjcaf1995/stash/issues/286
link,https://github.com/cjcaf1995/stash/issues/358
link,https://github.com/cjcaf1995/stash/issues/411
link,https://github.com/cjcaf1995/stash/issues/277
link,https://github.com/cjcaf1995/stash/issues/266
link,https://github.com/cjcaf1995/stash/issues/331
link,https://github.com/cjcaf1995/stash/issues/369
link,https://github.com/cjcaf1995/stash/issues/128
link,https://github.com/cjcaf1995/stash/issues/346
link,https://github.com/cjcaf1995/stash/issues/350
link,https://github.com/cjcaf1995/stash/issues/395
link,https://github.com/cjcaf1995/stash/issues/302
link,https://github.com/cjcaf1995/stash/issues/206
link,https://github.com/cjcaf1995/stash/issues/126
link,https://github.com/cjcaf1995/stash/issues/284
link,https://github.com/cjcaf1995/stash/issues/123
link,https://github.com/cjcaf1995/stash/issues/351
link,https://github.com/cjcaf1995/stash/issues/157
link,https://github.com/cjcaf1995/stash/issues/378
link,https://github.com/cjcaf1995/stash/issues/253
link,https://github.com/cjcaf1995/stash/issues/239
link,https://github.com/cjcaf1995/stash/issues/323
link,https://github.com/cjcaf1995/stash/issues/419
link,https://github.com/cjcaf1995/stash/issues/192
link,https://github.com/cjcaf1995/stash/issues/230
link,https://github.com/cjcaf1995/stash/issues/384
link,https://github.com/cjcaf1995/stash/issues/365
link,https://github.com/cjcaf1995/stash/issues/319
link,https://github.com/cjcaf1995/stash/issues/265
link,https://github.com/cjcaf1995/stash/issues/389
link,https://github.com/cjcaf1995/stash/issues/140
link,https://github.com/cjcaf1995/stash/issues/276
link,https://github.com/cjcaf1995/stash/issues/176
link,https://github.com/cjcaf1995/stash/issues/289
link,https://github.com/cjcaf1995/stash/issues/320
link,https://github.com/cjcaf1995/stash/issues/136
link,https://github.com/cjcaf1995/stash/issues/414
link,https://github.com/cjcaf1995/stash/issues/261
link,https://github.com/cjcaf1995/stash/issues/201
link,https://github.com/cjcaf1995/stash/issues/254
link,https://github.com/cjcaf1995/stash/issues/180
link,https://github.com/cjcaf1995/stash/issues/375
link,https://github.com/cjcaf1995/stash/issues/152
link,https://github.com/cjcaf1995/stash/issues/421
link,https://github.com/cjcaf1995/stash/issues/305
link,https://github.com/cjcaf1995/stash/issues/214
link,https://github.com/cjcaf1995/stash/issues/381
link,https://github.com/cjcaf1995/stash/issues/364
link,https://github.com/cjcaf1995/stash/issues/262
link,https://github.com/cjcaf1995/stash/issues/211
link,https://github.com/cjcaf1995/stash/issues/310
link,https://github.com/cjcaf1995/stash/issues/301
link,https://github.com/cjcaf1995/stash/issues/316
link,https://github.com/cjcaf1995/stash/issues/335
link,https://github.com/cjcaf1995/stash/issues/246
link,https://github.com/cjcaf1995/stash/issues/356
link,https://github.com/cjcaf1995/stash/issues/407
link,https://github.com/cjcaf1995/stash/issues/209
link,https://github.com/cjcaf1995/stash/issues/410
link,https://github.com/cjcaf1995/stash/issues/299
link,https://github.com/cjcaf1995/stash/issues/212
link,https://github.com/cjcaf1995/stash/issues/412
link,https://github.com/cjcaf1995/stash/issues/361
link,https://github.com/cjcaf1995/stash/issues/238
link,https://github.com/cjcaf1995/stash/issues/259
link,https://github.com/cjcaf1995/stash/issues/279
link,https://github.com/cjcaf1995/stash/issues/143
link,https://github.com/cjcaf1995/stash/issues/216
link,https://github.com/cjcaf1995/stash/issues/235
link,https://github.com/cjcaf1995/stash/issues/139
link,https://github.com/cjcaf1995/stash/issues/237
link,https://github.com/cjcaf1995/stash/issues/387
link,https://github.com/cjcaf1995/stash/issues/324
link,https://github.com/cjcaf1995/stash/issues/199
link,https://github.com/cjcaf1995/stash/issues/185
link,https://github.com/cjcaf1995/stash/issues/191
link,https://github.com/cjcaf1995/stash/issues/297
link,https://github.com/cjcaf1995/stash/issues/182
link,https://github.com/cjcaf1995/stash/issues/202
link,https://github.com/cjcaf1995/stash/issues/147
link,https://github.com/cjcaf1995/stash/issues/402
link,https://github.com/cjcaf1995/stash/issues/141
link,https://github.com/cjcaf1995/stash/issues/380
link,https://github.com/cjcaf1995/stash/issues/215
link,https://github.com/cjcaf1995/stash/issues/317
link,https://github.com/cjcaf1995/stash/issues/274
link,https://github.com/cjcaf1995/stash/issues/347
link,https://github.com/cjcaf1995/stash/issues/256
link,https://github.com/cjcaf1995/stash/issues/231
link,https://github.com/cjcaf1995/stash/issues/418
link,https://github.com/cjcaf1995/stash/issues/383
link,https://github.com/cjcaf1995/stash/issues/241
link,https://github.com/cjcaf1995/stash/issues/311
link,https://github.com/cjcaf1995/stash/issues/404
link,https://github.com/cjcaf1995/stash/issues/325
