csv,{stash3Ending},skyway-stash3-core.csv
link,23,https://sktoushi.github.io/stash-utils/skyway.html?target=stash3-v250612-23.csv
link,50,https://sktoushi.github.io/stash-utils/skyway.html?target=stash3-v250613-50.csv
link,35,https://sktoushi.github.io/stash-utils/skyway.html?target=stash3-v250613-35.csv
link,221,https://sktoushi.github.io/stash-utils/skyway.html?target=skyway-mob-250614.csv
link,50,https://sktoushi.github.io/stash-utils/skyway.html?target=stash3-v250616.csv
link,70,https://sktoushi.github.io/stash-utils/skyway.html?target=stash3-v250617.csv
link,139,https://sktoushi.github.io/stash-utils/skyway.html?target=stash3-v250618to20-139.csv
link,309,https://sktoushi.github.io/stash-utils/skyway.html?target=skyway-harvard-probability-youtube.csv
link,297,https://sktoushi.github.io/stash-utils/skyway.html?target=skyway-mit-finance-youtube.csv
link,17,skyway-jp-listening-drill-youtube.csv
link,10,https://sktoushi.github.io/ref2506/dbviewer.html?db=japanese_words.db
link,18,https://sktoushi.github.io/ref2506/dbviewer.html?db=communist_society_analysis.db
link,170,https://sktoushi.github.io/stash-utils/bucket.html?target=bucket-shah-of-shahs-iran
link,47,https://sktoushi.github.io/stash-utils/skyway.html?target=stash3-v250623-43.csv
