link,null,https://sktoushi.github.io/stash-utils/flashcards.html?target=flashcards-solomon-s-word-of-wisdom.csv
link,null,https://sktoushi.github.io/stash-utils/flashcards.html?target=flashcards-biblical-wisdom-solomon-job-matthew-henry.csv
csv,null,skyway-bucket-finer-things-in-life.csv
csv,null,skyway-modifiable-redirect0915-133-stash-of-stashes.csv
csv,null,skyway-random-stuff.csv
csv,3,skyway-bucket-main.csv
csv,3,skyway-modifiable-redirect0915-144-japanese-learning-alloc.csv
csv,3,skyway-modifiable-redirect0915-150-stash2-recent10percent.csv
link,2,https://sktoushi.github.io/stash-utils/bucket.html?target=bucket-pmbok-2025
link,1,https://github.com/cjcaf1995/redirect0915/issues/148
link,13,https://sktoushi.github.io/stash-utils/bucket.html?target=bucket-essentials-of-payroll-management-and-accounting
link,3,https://sktoushi.github.io/stash-utils/bucket.html?target=bucket-Elements-of-Mercantile-Law
csv,8,skyway-mob.csv
