link,https://github.com/cjcaf1995/redirect0915/issues/103
link,https://github.com/cjcaf1995/redirect0915/issues/114
link,https://github.com/cjcaf1995/redirect0915/issues/131
link,https://github.com/cjcaf1995/redirect0915/issues/133
link,https://github.com/cjcaf1995/redirect0915/issues/133
link,https://github.com/cjcaf1995/redirect0915/issues/133
link,https://github.com/cjcaf1995/redirect0915/issues/133
link,https://github.com/cjcaf1995/redirect0915/issues/133
link,https://github.com/cjcaf1995/redirect0915/issues/133
link,https://github.com/cjcaf1995/redirect0915/issues/133
link,https://github.com/cjcaf1995/redirect0915/issues/133
link,https://github.com/cjcaf1995/redirect0915/issues/133
link,https://github.com/cjcaf1995/redirect0915/issues/133
link,https://github.com/cjcaf1995/redirect0915/issues/133
link,https://github.com/cjcaf1995/redirect0915/issues/142
link,https://github.com/cjcaf1995/redirect0915/issues/142
link,https://github.com/cjcaf1995/redirect0915/issues/142
link,https://github.com/cjcaf1995/redirect0915/issues/142
link,https://github.com/cjcaf1995/redirect0915/issues/142
link,https://github.com/cjcaf1995/redirect0915/issues/142
link,https://github.com/cjcaf1995/redirect0915/issues/142
link,https://github.com/cjcaf1995/redirect0915/issues/142
link,https://github.com/cjcaf1995/redirect0915/issues/142
link,https://github.com/cjcaf1995/redirect0915/issues/142
link,https://github.com/cjcaf1995/redirect0915/issues/142
link,https://github.com/cjcaf1995/redirect0915/issues/144
link,https://github.com/cjcaf1995/redirect0915/issues/144
link,https://github.com/cjcaf1995/redirect0915/issues/144
link,https://github.com/cjcaf1995/redirect0915/issues/144
link,https://github.com/cjcaf1995/redirect0915/issues/144
link,https://github.com/cjcaf1995/redirect0915/issues/144
link,https://github.com/cjcaf1995/redirect0915/issues/144
link,https://github.com/cjcaf1995/redirect0915/issues/144
link,https://github.com/cjcaf1995/redirect0915/issues/144
link,https://github.com/cjcaf1995/redirect0915/issues/144
link,https://github.com/cjcaf1995/redirect0915/issues/144
link,https://github.com/cjcaf1995/redirect0915/issues/144
link,https://github.com/cjcaf1995/redirect0915/issues/144
link,https://github.com/cjcaf1995/redirect0915/issues/144
link,https://github.com/cjcaf1995/redirect0915/issues/144
link,https://github.com/cjcaf1995/redirect0915/issues/144
link,https://github.com/cjcaf1995/redirect0915/issues/144
link,https://github.com/cjcaf1995/redirect0915/issues/147
link,https://github.com/cjcaf1995/redirect0915/issues/63
link,https://github.com/cjcaf1995/redirect0915/issues/76
link,https://github.com/cjcaf1995/redirect0915/issues/77
link,https://github.com/cjcaf1995/redirect0915/issues/87
link,https://github.com/cjcaf1995/redirect0915/issues/87
link,https://github.com/cjcaf1995/redirect0915/issues/97
link,https://github.com/cjcaf1995/redirect0915/issues/98
link,https://github.com/cjcaf1995/redirect0915/issues/99
