link,1,https://sktoushi.github.io/stash-utils/lc300.html?target=indexedDb-jp-sentences.csv
csv,1,skyway-wisdom.csv
link,1,https://sktoushi.github.io/stash-utils/bucket.html?target=bucket-pmbok-2025
link,1,skyway-modifiable-redirect0915-144-japanese-learning-alloc.csv
link,1,https://sktoushi.github.io/stash-utils/lc300.html?target=indexedDb-jp-sentences.csv
csv,1,skyway-wisdom.csv
link,1,https://sktoushi.github.io/stash-utils/bucket.html?target=bucket-pmbok-2025
link,1,skyway-modifiable-redirect0915-144-japanese-learning-alloc.csv
link,1,https://sktoushi.github.io/stash-utils/lc300.html?target=indexedDb-jp-sentences.csv
csv,1,skyway-wisdom.csv
link,1,https://sktoushi.github.io/stash-utils/bucket.html?target=bucket-pmbok-2025
link,1,skyway-modifiable-redirect0915-144-japanese-learning-alloc.csv
