link,https://sktoushi.github.io/stash-utils/bucket.html?target=bucket-The-Math-Hacker-p1
link,https://sktoushi.github.io/stash-utils/bucket.html?target=bucket-The-Math-Hacker-p2
link,https://sktoushi.github.io/stash-utils/bucket.html?target=bucket-Principles-of-Mathematical-Analysis-Rudin
link,https://sktoushi.github.io/stash-utils/bucket.html?target=bucket-A-Man-of-Two-Faces
link,https://sktoushi.github.io/stash-utils/bucket.html?target=bucket-calculus-for-dummies
link,https://sktoushi.github.io/stash-utils/bucket.html?target=bucket-introduction-to-calculus-p1
link,https://sktoushi.github.io/stash-utils/bucket.html?target=bucket-calculus-made-easy-p1
link,https://sktoushi.github.io/stash-utils/bucket.html?target=bucket-calculus-made-easy-p2
link,https://sktoushi.github.io/stash-utils/bucket.html?target=bucket-Calculus-p1
link,https://sktoushi.github.io/stash-utils/bucket.html?target=bucket-Calculus-p2
link,https://sktoushi.github.io/stash-utils/bucket.html?target=bucket-introduction-to-calculus-p2
