link,https://sktoushi.github.io/stash-utils/bucket.html?target=bucket-Financial-Risk-Manager-Handbook-p1
link,https://sktoushi.github.io/stash-utils/bucket.html?target=bucket-Financial-Risk-Manager-Handbook-p2
link,https://sktoushi.github.io/stash-utils/bucket.html?target=bucket-Financial-Risk-Manager-Handbook-p3
link,https://sktoushi.github.io/stash-utils/bucket.html?target=bucket-Financial-Risk-Manager-Handbook-p4
link,https://sktoushi.github.io/stash-utils/bucket.html?target=bucket-Financial-Risk-Manager-Handbook-p5-1-100-p1
link,https://sktoushi.github.io/stash-utils/bucket.html?target=bucket-Financial-Risk-Manager-Handbook-p5-1-100-p2
link,https://sktoushi.github.io/stash-utils/bucket.html?target=bucket-Financial-Risk-Manager-Handbook-p6-1-100-p1
link,https://sktoushi.github.io/stash-utils/bucket.html?target=bucket-Financial-Risk-Manager-Handbook-p6-1-100-p2
link,https://sktoushi.github.io/stash-utils/bucket.html?target=bucket-Financial-Risk-Manager-Handbook-p7-1-109-p1
link,https://sktoushi.github.io/stash-utils/bucket.html?target=bucket-Financial-Risk-Manager-Handbook-p7-1-109-p2
link,https://sktoushi.github.io/stash-utils/bucket.html?target=bucket-Risk-Management-and-Financial-Institutions-p1
link,https://sktoushi.github.io/stash-utils/bucket.html?target=bucket-Risk-Management-and-Financial-Institutions-p2
link,https://sktoushi.github.io/stash-utils/bucket.html?target=bucket-Stress-Testing-risk
link,https://sktoushi.github.io/stash-utils/bucket.html?target=bucket-against-the-gods-the-remarkable-story-of-risk
link,https://sktoushi.github.io/stash-utils/bucket.html?target=bucket-enterprise-risk-management-from-incentives-to-controls
link,https://sktoushi.github.io/stash-utils/bucket.html?target=bucket-options-futures-and-other-derivatives-p1
link,https://sktoushi.github.io/stash-utils/bucket.html?target=bucket-options-futures-and-other-derivatives-p2
link,https://sktoushi.github.io/stash-utils/bucket.html?target=bucket-options-futures-and-other-derivatives-p3
link,https://sktoushi.github.io/stash-utils/bucket.html?target=bucket-quantitative-risk-management-p1
link,https://sktoushi.github.io/stash-utils/bucket.html?target=bucket-quantitative-risk-management-p2
link,https://sktoushi.github.io/stash-utils/bucket.html?target=bucket-the-black-swan
link,https://sktoushi.github.io/stash-utils/bucket.html?target=bucket-value-at-risk-p1
link,https://sktoushi.github.io/stash-utils/bucket.html?target=bucket-value-at-risk-p2
link,https://sktoushi.github.io/stash-utils/bucket.html?target=bucket-fooled-by-randomness
