link,https://sktoushi.github.io/stash-utils/bucket.html?target=bucket-high-output-management
link,https://sktoushi.github.io/stash-utils/bucket.html?target=bucket-Effective-Executive-drucker
link,https://sktoushi.github.io/stash-utils/bucket.html?target=bucket-competitive-strategy-porter
link,https://sktoushi.github.io/stash-utils/bucket.html?target=bucket-The-Innovators-Dilemma
link,https://sktoushi.github.io/stash-utils/bucket.html?target=bucket-good-strategy-bad-strategy
link,https://sktoushi.github.io/stash-utils/bucket.html?target=bucket-The-Five-Dysfunctions-of-a-Team
link,https://sktoushi.github.io/stash-utils/bucket.html?target=bucket-leadership-and-self-deception
link,https://sktoushi.github.io/stash-utils/bucket.html?target=bucket-blue-ocean-strategy
link,https://sktoushi.github.io/stash-utils/bucket.html?target=bucket-the-48-laws-of-power
link,https://sktoushi.github.io/stash-utils/bucket.html?target=bucket-the-art-of-strategy
